{"MSE": 2.453983836538874, "_timestamp": 1685937401.43013, "_runtime": 6.471254110336304, "_step": 0, "_wandb": {"runtime": 6}}