{"MSE": 2.4561472135812363, "_timestamp": 1685937556.5587819, "_runtime": 3.863367795944214, "_step": 0, "_wandb": {"runtime": 3}}