{"MSE": 2.458034999718672, "_timestamp": 1685937573.561908, "_runtime": 4.529642105102539, "_step": 0, "_wandb": {"runtime": 4}}