{"MSE": 2.4663195750881832, "_timestamp": 1685937588.5306208, "_runtime": 2.928496837615967, "_step": 0, "_wandb": {"runtime": 2}}