{"MSE": 2.451999525968862, "_timestamp": 1685937605.6807868, "_runtime": 4.790950775146484, "_step": 0, "_wandb": {"runtime": 4}}