{"MSE": 2.454685724366065, "_timestamp": 1685937620.544846, "_runtime": 3.5339510440826416, "_step": 0, "_wandb": {"runtime": 3}}